[
  {
    "title": "Squat and Walk",
    "time": "45 seconds",
    "thumbnail": "assets/squat1.png",
    "videoUrl": "https://www.youtube.com/watch?v=g7NmDRkAka8&ab_channel=montaguefitness"
  },
  {
    "title": "Plie Squat and Heel Raises",
    "time": "55 seconds",
    "thumbnail": "assets/squat2.png",
    "videoUrl": "https://www.youtube.com/watch?v=AXuohSYVV3k&ab_channel=KelliDitata"
  },
  {
    "title": "Squat Kickback",
    "time": "60 seconds",
    "thumbnail": "assets/squat3.png",
    "videoUrl": "https://www.youtube.com/watch?v=Pb6_6HXuMLM&ab_channel=GNFITGuide"
  },
  {
    "title": "Squat with Side Leg Lift",
    "time": "120 seconds",
    "thumbnail": "assets/squat4.png",
    "videoUrl": "https://www.youtube.com/watch?v=dvhA4m74dcE&ab_channel=MicheleLumadue"
  }
]